users_id,name,email,password
1,Kamila Widodo,kamilawidodo@gmail.com,fugit5
2,Tugiman Prasetya,tugimanprasetya@gmail.com,laudantium96
3,Dina Dongoran,dinadongoran@gmail.com,placeat6
4,Mala Winarno,malawinarno@gmail.com,quae87
5,"KH. Jagapati Samosir, S.Psi",khjagapati@gmail.com,numquam40
6,"R. Laswi Suwarno, M.Pd",rlaswi@gmail.com,iste50
7,Lidya Winarno,lidyawinarno@gmail.com,rem59
8,R.A. Silvia Wulandari,rasilvia@gmail.com,asperiores95
9,Dian Firmansyah,dianfirmansyah@gmail.com,sit74
10,Paiman Nababan,paimannababan@gmail.com,esse16
11,Raihan Napitupulu,raihannapitupulu@gmail.com,dicta26
12,Cengkir Ardianto,cengkirardianto@gmail.com,ratione15
13,Kunthara Suartini,kuntharasuartini@gmail.com,enim89
14,Bakda Utami,bakdautami@gmail.com,voluptatem56
15,"drg. Banawi Sihombing, S.Sos",drgbanawi@gmail.com,nulla94
16,"Dr. Yuliana Rajata, S.IP",dryuliana@gmail.com,minus38
17,Argono Pudjiastuti,argonopudjiastuti@gmail.com,et59
18,Qori Novitasari,qorinovitasari@gmail.com,ullam63
19,Ani Ramadan,aniramadan@gmail.com,dicta6
20,"Saiful Manullang, S.Ked","saifulmanullang,@gmail.com",cum28
21,"Anom Nuraini, M.Kom.","anomnuraini,@gmail.com",quae68
22,Warsa Utami,warsautami@gmail.com,suscipit52
23,"Tgk. Yunita Megantara, S.I.Kom",tgkyunita@gmail.com,vitae43
24,Tirta Suryono,tirtasuryono@gmail.com,unde22
25,"Cinta Aryani, S.E.I","cintaaryani,@gmail.com",officia70
26,"Drs. Umar Kuswoyo, M.Kom.",drsumar@gmail.com,vel3
27,Titi Sihombing,titisihombing@gmail.com,sapiente17
28,drg. Ani Purnawati,drgani@gmail.com,deleniti77
29,"Kasiyah Firgantoro, S.Farm","kasiyahfirgantoro,@gmail.com",odit7
30,Setya Pratiwi,setyapratiwi@gmail.com,est27
31,Gambira Wahyudin,gambirawahyudin@gmail.com,doloribus68
32,Ana Oktaviani,anaoktaviani@gmail.com,expedita85
33,T. Gangsar Marpaung,tgangsar@gmail.com,repudiandae27
34,"dr. Panji Wulandari, S.Pt",drpanji@gmail.com,optio68
35,"Carla Dongoran, M.TI.","carladongoran,@gmail.com",est49
36,Dr. Arsipatra Habibi,drarsipatra@gmail.com,incidunt60
37,"Kartika Zulkarnain, S.Ked","kartikazulkarnain,@gmail.com",veniam22
38,Kania Yuniar,kaniayuniar@gmail.com,repellat62
39,Dr. Dalimin Yulianti,drdalimin@gmail.com,maiores52
40,Kurnia Damanik,kurniadamanik@gmail.com,animi36
41,Pia Kusumo,piakusumo@gmail.com,eius27
42,Tania Wastuti,taniawastuti@gmail.com,deleniti56
43,Vera Budiyanto,verabudiyanto@gmail.com,voluptate35
44,Irfan Mayasari,irfanmayasari@gmail.com,maiores5
45,Bakda Pertiwi,bakdapertiwi@gmail.com,atque50
46,Hesti Maheswara,hestimaheswara@gmail.com,harum68
47,"Kani Permata, S.Pd","kanipermata,@gmail.com",exercitationem20
48,Hadi Puspita,hadipuspita@gmail.com,porro13
49,Kayla Haryanto,kaylaharyanto@gmail.com,consectetur83
50,Hasan Uyainah,hasanuyainah@gmail.com,ea58
51,Kamaria Tamba,kamariatamba@gmail.com,temporibus98
52,"drg. Winda Nababan, S.Psi",drgwinda@gmail.com,officiis32
53,Laras Sudiati,larassudiati@gmail.com,molestias1
54,"dr. Maimunah Tampubolon, S.Psi",drmaimunah@gmail.com,id34
55,Novi Pratama,novipratama@gmail.com,nostrum99
56,Jindra Kuswoyo,jindrakuswoyo@gmail.com,aperiam0
57,Drs. Yessi Hidayat,drsyessi@gmail.com,enim53
58,Karen Wahyudin,karenwahyudin@gmail.com,odio93
59,"Taufik Maryati, S.Farm","taufikmaryati,@gmail.com",consequuntur84
60,Wage Putra,wageputra@gmail.com,at87
61,Bella Usada,bellausada@gmail.com,maiores90
62,Ir. Violet Nurdiyanti,irviolet@gmail.com,dolore55
63,Najam Siregar,najamsiregar@gmail.com,ex91
64,Dalima Nainggolan,dalimanainggolan@gmail.com,expedita76
65,Gilang Suwarno,gilangsuwarno@gmail.com,facere45
66,"Endah Simanjuntak, S.Sos","endahsimanjuntak,@gmail.com",quia40
67,"dr. Ellis Laksita, M.Pd",drellis@gmail.com,explicabo3
68,Drs. Zizi Salahudin,drszizi@gmail.com,cum58
69,R. Bahuwarna Najmudin,rbahuwarna@gmail.com,commodi69
70,Jati Anggraini,jatianggraini@gmail.com,odit42
71,Rangga Pradipta,ranggapradipta@gmail.com,veniam84
72,R.A. Mila Widiastuti,ramila@gmail.com,voluptates36
73,Anastasia Sirait,anastasiasirait@gmail.com,libero80
74,Rika Salahudin,rikasalahudin@gmail.com,quaerat81
75,Rafi Marbun,rafimarbun@gmail.com,officia94
76,Tari Wulandari,tariwulandari@gmail.com,blanditiis20
77,Luluh Siregar,luluhsiregar@gmail.com,rem78
78,H. Cayadi Nasyidah,hcayadi@gmail.com,placeat8
79,Maya Wahyudin,mayawahyudin@gmail.com,illum56
80,"Eli Suartini, S.IP","elisuartini,@gmail.com",consequatur46
81,"Samiah Handayani, S.Sos","samiahhandayani,@gmail.com",odit25
82,"Almira Marpaung, S.Psi","almiramarpaung,@gmail.com",porro83
83,Kayla Saefullah,kaylasaefullah@gmail.com,facere50
84,Rosman Tarihoran,rosmantarihoran@gmail.com,quaerat23
85,Pangestu Fujiati,pangestufujiati@gmail.com,eveniet99
86,"Tgk. Estiono Wahyudin, S.E.",tgkestiono@gmail.com,labore34
87,dr. Zamira Wibisono,drzamira@gmail.com,deserunt34
88,Dadap Laksmiwati,dadaplaksmiwati@gmail.com,iste12
89,Upik Habibi,upikhabibi@gmail.com,quae15
90,Adhiarja Pranowo,adhiarjapranowo@gmail.com,autem40
91,Wira Megantara,wiramegantara@gmail.com,cupiditate11
92,"R. Hartana Halimah, S.Ked",rhartana@gmail.com,corrupti28
93,Hj. Widya Gunarto,hjwidya@gmail.com,totam98
94,Asirwanda Widiastuti,asirwandawidiastuti@gmail.com,dolor82
95,Rahmi Puspasari,rahmipuspasari@gmail.com,assumenda31
96,Garan Rahmawati,garanrahmawati@gmail.com,modi90
97,Nadia Narpati,nadianarpati@gmail.com,ab53
98,Saadat Nasyiah,saadatnasyiah@gmail.com,doloremque68
99,"Sutan Tirtayasa Prabowo, M.TI.",sutantirtayasa@gmail.com,incidunt68
100,Cinta Widiastuti,cintawidiastuti@gmail.com,voluptates25
